ticker,nome,settore,prezzo,valore_intrinseco,sconto,qualita_ok,rischio,pe_ratio,roe,debito_equity,raccomandazione
AAPL,Apple Inc.,Technology,269.0,28.733627278548123,-836.1853183110971,True,Medio,40.819424,1.49814,154.486,EVITA
MSFT,Microsoft Corporation,Technology,542.07,137.04217309463536,-295.5497696505951,True,Medio,39.683018,0.33280998,32.661,EVITA
GOOGL,Alphabet Inc.,Communication Services,267.47,79.50576064034605,-236.41587458037537,True,Medio,28.545359,0.34829,11.481,EVITA
AMZN,"Amazon.com, Inc.",Consumer Cyclical,229.25,67.9816416394897,-237.22339512735675,True,Medio,34.946648,0.2477,47.808,EVITA
META,"Meta Platforms, Inc.",Communication Services,751.44,219.26603293716062,-242.70698016201854,True,Medio,27.265602,0.40647998,25.406,EVITA
NVDA,NVIDIA Corporation,Technology,201.03,20.696765372274964,-871.3111995234597,True,Alto,57.43714,1.09417,10.584,EVITA
TSLA,"Tesla, Inc.",Consumer Cyclical,460.55,28.015928505048695,-1543.8862624774517,True,Alto,317.62067,0.06791,17.082,EVITA
AVGO,Broadcom Inc.,Technology,372.97,83.00712009031213,-349.3229009682627,True,Alto,95.38875,0.27083,166.032,EVITA
ADBE,Adobe Inc.,Technology,359.91,111.79641306308893,-221.93340567813715,True,Alto,22.452276,0.52875,56.542,EVITA
CRM,"Salesforce, Inc.",Technology,254.26,114.57658026566772,-121.91271498106293,True,Medio,37.01019,0.11201999,19.255,EVITA
CSCO,"Cisco Systems, Inc.",Technology,72.62,29.959406489239733,-142.39465500120076,True,Medio,28.478434,0.22059,63.282,EVITA
INTC,Intel Corporation,Technology,41.53,3.8814945575126085,-969.948685606655,True,Alto,1384.3334,0.0018600001,39.881,EVITA
ORCL,Oracle Corporation,Technology,280.83,28.233502964622545,-894.6693485108408,True,Alto,64.85681,0.69241995,452.534,EVITA
IBM,International Business Machines Corporation,Technology,312.57,75.06996786332068,-316.3715649500394,True,Medio,37.255066,0.30156,237.831,EVITA
QCOM,QUALCOMM Incorporated,Technology,181.03,87.96592806166485,-105.79558925712288,True,Alto,17.473938,0.44615,54.35,EVITA
TXN,Texas Instruments Incorporated,Technology,166.91,47.86714203548923,-248.69430866846213,True,Medio,30.402552,0.29757,84.477,EVITA
AMD,"Advanced Micro Devices, Inc.",Technology,258.01,42.62638700822531,-505.28235702972813,True,Alto,155.42772,0.04699,6.513,EVITA
NOW,"ServiceNow, Inc.",Technology,937.91,111.63375850297257,-740.1670001776617,True,Medio,117.9761,0.16951,22.036,EVITA
UBER,"Uber Technologies, Inc.",Technology,95.43,43.491293742972275,-119.42322655191298,True,Alto,16.25724,0.67485,52.23,EVITA
SHOP,Shopify Inc.,Technology,178.96,22.355760415382875,-700.509562970887,True,Alto,99.422226,0.22023001,9.395,EVITA
PANW,"Palo Alto Networks, Inc.",Technology,221.38,14.894078580525719,-1386.362508449891,True,Medio,137.50311,0.17452998,5.335,EVITA
MSI,"Motorola Solutions, Inc.",Technology,440.21,66.1005032124378,-565.9707242851487,True,Medio,35.415123,1.51517,419.96,EVITA
JPM,JPMorgan Chase & Co.,Financial Services,305.36,149.952,-103.63849765258217,True,Basso,15.116831,0.16437,,EVITA
BAC,Bank of America Corporation,Financial Services,52.87,45.541199999999996,-16.09268091310726,True,Basso,14.445354,0.09871,,EVITA
WFC,Wells Fargo & Company,Financial Services,86.9,62.70479999999999,-38.58588178257489,True,Basso,14.31631,0.115200005,,EVITA
GS,"The Goldman Sachs Group, Inc.",Financial Services,792.09,412.5048,-92.01958377211612,True,Medio,16.092848,0.13573,524.194,EVITA
MS,Morgan Stanley,Financial Services,165.21,73.9044,-123.5455534447205,False,Medio,16.944616,,438.541,EVITA
SCHW,The Charles Schwab Corporation,Financial Services,93.85,28.232400000000002,-232.41948966435723,False,Medio,21.978922,,111.866,EVITA
BLK,"BlackRock, Inc.",Financial Services,1124.95,381.05879999999996,-195.216906157265,False,Medio,28.993555,,28.507,EVITA
C,Citigroup Inc.,Financial Services,101.39,130.08839999999998,22.0606910377866,False,Basso,14.240169,0.06995,,INVESTIGA
AXP,American Express Company,Financial Services,361.03,56.4588,-539.4574450749927,True,Medio,24.230202,0.33935001,185.273,EVITA
V,Visa Inc.,Financial Services,346.9,23.499599999999997,-1376.1953394951406,True,Medio,33.91007,0.51755,65.017,EVITA
MA,Mastercard Incorporated,Financial Services,565.93,10.401599999999998,-5340.797569604676,True,Medio,38.18691,1.7694701,240.919,EVITA
PYPL,"PayPal Holdings, Inc.",Financial Services,73.02,25.2516,-189.16979518129546,True,Medio,15.635973,0.22923,60.254,EVITA
COF,Capital One Financial Corporation,Financial Services,220.99,204.636,-7.991751207021254,False,Basso,75.42321,0.01615,,EVITA
RY,Royal Bank of Canada,Financial Services,149.05,105.96,-40.66628916572294,True,Basso,15.789196,0.14729,,EVITA
TD,The Toronto-Dominion Bank,Financial Services,82.72,85.77839999999999,3.565466364492684,True,Basso,9.918466,0.17633,,EVITA
BX,Blackstone Inc.,Financial Services,151.69,12.866399999999999,-1078.962258285146,True,Alto,43.58908,0.26457,60.337,EVITA
KKR,KKR & Co. Inc.,Financial Services,120.61,34.5828,-248.75718565298354,True,Alto,56.891514,0.07503,76.715,EVITA
SPGI,S&P Global Inc.,Financial Services,493.68,131.24159999999998,-276.1612171750421,True,Medio,37.946194,0.11291,31.651,EVITA
JNJ,Johnson & Johnson,Healthcare,186.93,100.73194327800144,-85.57172026762946,True,Medio,18.060867,0.33619,57.766,EVITA
UNH,UnitedHealth Group Incorporated,Healthcare,367.84,192.14775977062237,-91.43600760118741,True,Medio,15.930706,0.21653,75.577,EVITA
LLY,Eli Lilly and Company,Healthcare,820.1,96.28123466406888,-751.7755332712331,True,Medio,53.636364,0.86291003,217.891,EVITA
PFE,Pfizer Inc.,Healthcare,24.5,29.621710849054615,17.29039512658019,True,Medio,12.962963,0.12168,69.703,ACQUISTA
TMO,Thermo Fisher Scientific Inc.,Healthcare,557.63,230.43423499197118,-141.99095243787409,True,Medio,32.21433,0.13116999,69.752,EVITA
MRK,"Merck & Co., Inc.",Healthcare,87.03,43.94547095145643,-98.04088593369752,True,Medio,13.409862,0.35421002,72.161,EVITA
DHR,Danaher Corporation,Healthcare,216.9,100.83600309457331,-115.10174277392883,True,Medio,44.629627,0.06843,35.544,EVITA
AMGN,Amgen Inc.,Healthcare,292.09,70.86407706703376,-312.1834532942522,True,Medio,23.883076,0.99139,756.651,EVITA
GILD,"Gilead Sciences, Inc.",Healthcare,117.88,48.741137979123955,-141.84909275300163,True,Medio,23.38889,0.33403,127.34,EVITA
BMY,Bristol-Myers Squibb Company,Healthcare,42.82,16.914063699915523,-153.16210675151865,True,Medio,17.196787,0.29319,291.549,EVITA
VRTX,Vertex Pharmaceuticals Incorporated,Healthcare,422.39,145.70638970203058,-189.89119891295576,True,Medio,29.99929,0.22771,8.893,EVITA
REGN,"Regeneron Pharmaceuticals, Inc.",Healthcare,654.48,522.8937779237385,-25.165000547291406,True,Medio,16.493952,0.15336001,9.035,EVITA
ISRG,"Intuitive Surgical, Inc.",Healthcare,545.39,103.52265970700569,-426.83151837828194,True,Medio,72.23708,0.16902,,EVITA
SYK,Stryker Corporation,Healthcare,375.93,103.89734656481849,-261.82829728521347,True,Medio,49.72619,0.1425,80.827,EVITA
BDX,"Becton, Dickinson and Company",Healthcare,184.21,120.15950316350344,-53.304561978208056,True,Medio,33.738094,0.061750002,75.93,EVITA
ZTS,Zoetis Inc.,Healthcare,145.41,44.02499769378187,-230.28962547915782,True,Medio,25.02754,0.52772,137.01,EVITA
CI,The Cigna Group,Healthcare,308.41,260.7493416439321,-18.278342739269977,True,Medio,16.908443,0.13182999,76.102,EVITA
HUM,Humana Inc.,Healthcare,294.8,169.14690283341045,-74.28637182339833,True,Medio,22.60736,0.09034,70.626,EVITA
EW,Edwards Lifesciences Corporation,Healthcare,82.19,28.72809619491649,-186.09622942763514,True,Medio,34.389122,0.15533,6.624,EVITA
HD,"The Home Depot, Inc.",Consumer Cyclical,385.75,59.582990861486635,-547.4163086186092,True,Medio,26.205841,1.9395399,580.591,EVITA
NKE,"NIKE, Inc.",Consumer Cyclical,67.43,20.00130620734556,-237.1279820476728,True,Medio,34.579487,0.21122,82.128,EVITA
TSCO,Tractor Supply Company,Consumer Cyclical,55.49,15.040437992292645,-268.93872391505766,True,Medio,26.806765,0.45459,222.382,EVITA
F,Ford Motor Company,Consumer Cyclical,13.13,17.694901808148018,25.797836335243208,True,Alto,11.222222,0.10295,346.673,ACQUISTA
GM,General Motors Company,Consumer Cyclical,69.87,91.58278222460814,23.708367115728382,True,Medio,13.333971,0.04442,195.437,ACQUISTA
NCLH,Norwegian Cruise Line Holdings Ltd.,Consumer Cyclical,22.35,10.742534617118997,-108.05145895814643,True,Alto,15.308219,0.63567,929.5,EVITA
RCL,Royal Caribbean Cruises Ltd.,Consumer Cyclical,292.95,101.07130898529019,-189.84486590812398,True,Alto,21.78067,0.46622002,210.865,EVITA
CCL,Carnival Corporation & plc,Consumer Cyclical,27.86,19.920395327402517,-39.85666219021143,True,Alto,14.360825,0.25733998,233.568,EVITA
DHI,"D.R. Horton, Inc.",Consumer Cyclical,153.75,150.06823148154976,-2.453396353180119,True,Medio,12.359325,0.16098,29.937,EVITA
WMT,Walmart Inc.,Consumer Defensive,103.17,25.955786927003388,-297.483614309786,True,Medio,38.93207,0.23375,68.719,EVITA
PG,The Procter & Gamble Company,Consumer Defensive,151.37,58.80196680384084,-157.42336222351116,True,Medio,22.130116,0.31902,67.125,EVITA
KO,The Coca-Cola Company,Consumer Defensive,70.16,22.215329167041393,-215.81796277900395,True,Medio,23.231789,0.42442,144.771,EVITA
PEP,"PepsiCo, Inc.",Consumer Defensive,150.12,40.978764622667676,-266.33608011931165,True,Medio,28.485767,0.37162,260.19,EVITA
COST,Costco Wholesale Corporation,Consumer Defensive,924.16,164.28236256518835,-462.54365080322424,True,Medio,50.694458,0.30686,34.066,EVITA
MDLZ,"Mondelez International, Inc.",Consumer Defensive,60.21,35.26573372269461,-70.73230483009337,True,Medio,22.054945,0.13545999,81.933,EVITA
CL,Colgate-Palmolive Company,Consumer Defensive,77.14,8.34307497269442,-824.5991466271986,True,Medio,21.66854,3.9804401,832.51,EVITA
KMB,Kimberly-Clark Corporation,Consumer Defensive,120.66,25.095313805569358,-380.80689859005525,True,Medio,16.506157,1.84203,518.746,EVITA
SYY,Sysco Corporation,Consumer Defensive,75.89,17.93322614590024,-323.1809680119905,True,Medio,20.345844,0.97545,780.56,EVITA
KR,The Kroger Co.,Consumer Defensive,67.69,33.07209851219,-104.67403958369992,True,Medio,17.180202,0.25049,271.402,EVITA
TGT,Target Corporation,Consumer Defensive,97.11,80.93918550368542,-19.97896864872487,True,Medio,11.318182,0.26319,132.309,EVITA
DG,Dollar General Corporation,Consumer Defensive,101.92,66.50354501829207,-53.25498809419331,True,Medio,18.874073,0.15597999,213.026,EVITA
XOM,Exxon Mobil Corporation,Energy,115.03,98.77574601085026,-16.455713720819944,True,Medio,16.339489,0.118310004,14.442,EVITA
CVX,Chevron Corporation,Energy,154.13,121.63215775443598,-26.718133465307865,True,Medio,19.862114,0.08963,20.01,EVITA
COP,ConocoPhillips,Energy,86.79,93.87470745626854,7.546982193866157,True,Medio,11.634048,0.1593,35.883,ACQUISTA
SLB,SLB N.V.,Energy,35.86,31.500428568513158,-13.839721012064366,True,Medio,13.953308,0.15182,47.459,EVITA
EOG,"EOG Resources, Inc.",Energy,105.9,111.4551983982802,4.984243425263075,True,Medio,10.271581,0.19631,15.719,EVITA
PSX,Phillips 66,Energy,133.66,80.2730518293655,-66.50668805281983,True,Medio,31.748219,0.06183,73.13,EVITA
VLO,Valero Energy Corporation,Energy,169.34,91.8066161831488,-84.45293709788481,True,Medio,35.205822,0.052389998,39.561,EVITA
MPC,Marathon Petroleum Corporation,Energy,192.21,92.0727272323352,-108.75888634750619,True,Medio,27.896954,0.14628,129.105,EVITA
OXY,Occidental Petroleum Corporation,Energy,40.83,32.649490807668045,-25.055549075854756,True,Medio,24.017647,0.071100004,66.823,EVITA
KMI,"Kinder Morgan, Inc.",Energy,26.08,19.475026315771693,-33.915095040869446,True,Medio,21.377048,0.08884,102.138,EVITA
NEE,"NextEra Energy, Inc.",Utilities,83.57,39.91079459244078,-109.39197240595253,True,Medio,29.118467,0.07592,152.939,EVITA
DUK,Duke Energy Corporation,Utilities,125.65,93.91842710565376,-33.78631209256702,True,Medio,20.564648,0.0959,170.004,EVITA
SO,The Southern Company,Utilities,93.91,51.88794657721579,-80.98615612057436,True,Medio,24.266151,0.11229,189.663,EVITA
D,"Dominion Energy, Inc.",Utilities,59.62,45.62970167555339,-30.66050798211127,True,Medio,19.807308,0.091400005,151.441,EVITA
AEP,"American Electric Power Company, Inc.",Utilities,115.11,92.59931182249683,-24.30977912735874,True,Medio,16.8783,0.13013,150.555,EVITA
RTX,RTX Corporation,Industrials,178.67,72.68594499626458,-145.81093361196866,True,Medio,36.612705,0.10702,61.315,EVITA
LMT,Lockheed Martin Corporation,Industrials,485.77,104.23929225584754,-366.01429219963796,True,Medio,27.032276,0.62776,358.987,EVITA
GD,General Dynamics Corporation,Industrials,346.68,177.28760362755202,-95.54666705761878,True,Medio,22.48249,0.17782,40.419,EVITA
NOC,Northrop Grumman Corporation,Industrials,595.05,264.50029413972305,-124.97139443091245,True,Medio,21.4278,0.26152,109.401,EVITA
CAT,Caterpillar Inc.,Industrials,524.47,132.74082849673647,-295.1082767370964,True,Medio,26.677008,0.52711,218.336,EVITA
DE,Deere & Company,Industrials,468.19,200.41956809403618,-133.60493411517925,True,Medio,24.423058,0.21399,266.767,EVITA
HON,Honeywell International Inc.,Industrials,214.41,75.08767475424979,-185.54619743084388,True,Medio,22.61709,0.34616002,215.247,EVITA
GE,GE Aerospace,Industrials,309.79,54.78560212318561,-465.45878477968745,True,Medio,41.415775,0.42131,115.246,EVITA
UPS,"United Parcel Service, Inc.",Industrials,96.36,52.99280705907171,-81.83599878486596,True,Medio,14.339286,0.34907,183.235,EVITA
FDX,FedEx Corporation,Industrials,249.55,212.59266579541261,-17.384105922145537,True,Basso,14.619215,0.15004,,EVITA
EMR,Emerson Electric Co.,Industrials,134.52,55.58918644844517,-141.98951018064872,True,Medio,34.58098,0.09155,74.771,EVITA
ITW,Illinois Tool Works Inc.,Industrials,245.87,50.64760162139961,-385.4524047119244,True,Medio,23.84772,0.91683,278.654,EVITA
WM,"Waste Management, Inc.",Industrials,204.23,54.189573489740624,-276.88061899705775,True,Medio,32.162205,0.32691002,261.03,EVITA
RSG,"Republic Services, Inc.",Industrials,217.73,76.64467496180018,-184.07713922528467,True,Medio,32.20858,0.18414,109.658,EVITA
LIN,Linde plc,Basic Materials,442.72,161.19565735465704,-174.64759737661106,True,Medio,31.487907,0.17312999,64.823,EVITA
APD,"Air Products and Chemicals, Inc.",Basic Materials,254.43,105.30960426285914,-141.60189545953222,True,Medio,36.038242,0.09336001,103.39,EVITA
FCX,Freeport-McMoRan Inc.,Basic Materials,41.17,20.722151191418327,-98.67628423177295,True,Alto,28.790209,0.14538999,30.589,EVITA
NEM,Newmont Corporation,Basic Materials,79.34,66.31723248899941,-19.637079266178347,True,Medio,12.339036,0.22875999,16.914,EVITA
VALE,Vale S.A.,Basic Materials,11.62,37.110933698844065,68.68847306754252,True,Medio,9.52459,0.12837,50.133,ACQUISTA
BHP,BHP Group Limited,Basic Materials,57.13,27.38952354459639,-108.58340199667707,True,Medio,16.092958,0.21992001,48.933,EVITA
RIO,Rio Tinto Group,Basic Materials,71.99,71.16710757084344,-1.156281964020251,True,Medio,11.463375,0.17158002,38.149,EVITA
PLD,"Prologis, Inc.",Real Estate,125.72,66.22707754385664,-89.83171938509017,False,Medio,36.546513,0.05963,61.705,EVITA
AMT,American Tower Corporation,Real Estate,182.72,30.896176947965582,-491.4000308443713,True,Medio,34.15327,0.24281,431.469,EVITA
EQIX,"Equinix, Inc.",Real Estate,816.13,181.7361645352955,-349.0740750949969,True,Medio,80.01275,0.07512,154.895,EVITA
PSA,Public Storage,Real Estate,298.04,76.8102766561871,-288.0209953338226,True,Medio,32.53712,0.18917999,110.172,EVITA
O,Realty Income Corporation,Real Estate,59.21,31.503114131780688,-87.94967301428878,True,Medio,57.48544,0.02358,73.557,EVITA
SPG,"Simon Property Group, Inc.",Real Estate,176.77,32.78606106259183,-439.1620532351497,True,Alto,27.321486,0.73077005,838.545,EVITA
T,AT&T Inc.,Communication Services,25.7,32.797941627486324,21.641424050641923,True,Medio,8.371336,0.19139999,123.112,ACQUISTA
VZ,Verizon Communications Inc.,Communication Services,39.32,48.63082355872662,19.145930250354205,True,Medio,9.144186,0.18454,167.439,ACQUISTA
CMCSA,Comcast Corporation,Communication Services,29.28,59.609799949337194,50.880559866187625,True,Medio,4.8557215,0.24919,104.176,ACQUISTA
DIS,The Walt Disney Company,Communication Services,111.65,93.37449517935826,-19.572266265576342,True,Alto,17.5,0.1146,37.152,EVITA
NFLX,"Netflix, Inc.",Communication Services,1102.5,181.7531170984421,-506.59207258759585,True,Alto,45.994995,0.42861,65.822,EVITA
CHTR,"Charter Communications, Inc.",Communication Services,248.88,312.2651046787009,20.298491163115955,True,Medio,6.814896,0.32652,472.717,ACQUISTA
TMUS,"T-Mobile US, Inc.",Communication Services,219.99,112.31940805132477,-95.86107496175083,True,Medio,21.214079,0.19034,200.622,EVITA
EA,Electronic Arts Inc.,Communication Services,200.3,46.756301714314404,-328.3914523947011,True,Medio,49.950123,0.15458,36.32,EVITA
LYV,"Live Nation Entertainment, Inc.",Communication Services,151.07,9.077293098716158,-1564.2626646193291,True,Medio,64.55984,0.59354997,365.185,EVITA
LVS,Las Vegas Sands Corp.,Consumer Cyclical,58.2,10.757980758488092,-440.9937171906536,True,Medio,26.216217,0.65651,847.509,EVITA
MGM,MGM Resorts International,Consumer Cyclical,31.95,21.210328851764654,-50.63415670399579,True,Alto,17.459017,0.21792,844.044,EVITA
ASML,ASML Holding N.V.,Technology,1052.48,182.38626357124102,-477.06100195911733,True,Alto,37.61544,0.53852004,14.24,EVITA
NSRGY,Nestlé S.A.,Consumer Defensive,99.71,35.57216397690756,-180.30344194052657,True,Medio,19.862549,0.33763,225.855,EVITA
SAP,SAP SE,Technology,270.06,87.64757422199429,-208.12033578475368,True,Medio,38.470085,0.17028,21.093,EVITA
UL,Unilever PLC,Consumer Defensive,61.92,20.605654563735655,-200.50003899887932,True,Medio,23.815384,0.287,160.679,EVITA
BUD,Anheuser-Busch InBev SA/NV,Consumer Defensive,61.81,57.03926279327249,-8.363953131754354,True,Medio,17.66,0.09685001,82.96,EVITA
AZN,AstraZeneca PLC,Healthcare,82.61,47.787064493176395,-72.87104967871805,True,Medio,31.05639,0.19670999,73.508,EVITA
GSK,GSK plc,Healthcare,43.7,15.468354994956638,-182.51226464771543,True,Medio,19.863636,0.28332,120.9,EVITA
SNY,Sanofi,Healthcare,51.06,65.78712386599676,22.386027843373668,True,Medio,16.740984,0.08835,29.585,ACQUISTA
SAN,"Banco Santander, S.A.",Financial Services,10.06,7.9536,-26.483604908469133,True,Basso,10.589475,0.13605,,EVITA
BBVA,"Banco Bilbao Vizcaya Argentaria, S.A.",Financial Services,20.09,11.4108,-76.06127528306517,True,Basso,9.8,0.18847999,,EVITA
ING,ING Groep N.V.,Financial Services,24.25,20.8308,-16.4141559613649,True,Basso,10.497836,0.092989996,,EVITA
HSBC,HSBC Holdings plc,Financial Services,70.04,11.852400000000001,-490.9351692484222,True,Basso,13.869307,0.101339996,,EVITA
TM,Toyota Motor Corporation,Consumer Cyclical,211.24,1150.64669416811,81.64162804528617,True,Medio,9.926692,0.11652,103.922,ACQUISTA
HMC,"Honda Motor Co., Ltd.",Consumer Cyclical,31.93,428.7963830596056,92.55357524889348,True,Medio,11.282686,0.054629996,98.423,ACQUISTA
SONY,Sony Group Corporation,Technology,28.99,207.06481195098456,85.99955263916962,True,Medio,22.472868,0.1444,18.764,ACQUISTA
